代號,補習班,班址,電話,立案文號,立案日期
87202511210001,屏東縣私立大學生文理技藝短期補習班,屏東市屏東縣內埔鄉黎明村西淇路125巷2號2樓,0960622060,屏府教終字第1140288383號,2025-11-21
87202509240001,屏東縣私立學築文理短期補習班明正分班,屏東市仁愛路166號,0905089682,屏府教終字第1140244608號,2025-09-15
87202507030001,屏東縣私立學城文理短期補習班屏中分班,屏東縣屏東市廣東路807號1樓,0985917474,屏府教終字第1140171865號,2025-07-03
87202506190001,屏東縣私立禾唯勤文理短期補習班,屏東縣屏東市廣東路1540號,0932776304,屏府教終字第1140161696號,2025-06-19
87202505160001,屏東縣私立偉群美語文理短期補習班,屏東市廣東路1416號,0988819591,屏府教終字第1140137130號,2025-05-26
87202504160001,屏東縣私立仙卓文理短期補習班,屏東市屏東縣屏東市大同里信義路145-9號,0975219803,屏府教終字第1140081160號,2025-04-16
87202501160001,屏東縣私立智佳文理短期補習班,屏東縣里港鄉玉田村勝利路47號,08-7750099,屏府教終字第1140007384號,2025-01-14
87202412270001,屏東縣私立天晴音樂教室才藝短期補習班,屏東縣恆春鎮城北里中正路232巷26號1樓,0985563505,屏府教終字第1130175388號,2024-12-25
87202503140001,屏東縣私立捷思美語文理短期補習班,屏東縣東港鎮新興二街45號,0920140191,屏府教終字第1130102593號,2024-08-28
87202506090001,屏東縣私立迪恩文理短期補習班,潮州鎮永春里長春路140號,0938976526,屏府教終字第11301182100號,2024-01-08
87202401030001,屏東縣私立吳圖技藝文理短期補習班,屏東市建豐路291號3樓,0928-012602,府教終字第11273614900號,2024-01-03
87202404010001,屏東縣私立米奇美語文理短期補習班,潮州鎮三合路84號,0921580148,府教終字第11272445100,2023-12-14
87202312150001,屏東縣私立儒林文理短期補習班國中部分班,屏東市廣東路1516號2樓,08-7346642,屏府教終字第11270988500號,2023-12-13
87202311060001,屏東縣私立優藝短期補習班,屏東市華山街69號,0911970257,府教終字第11264140100號,2023-11-06
87201507200001,屏東縣私立對話文理短期補習班,屏東縣潮州鎮中山路66號,0933722914/7898828,府教終字第11259757900號,2023-09-28
87202308280001,屏東縣私立安可優文理短期補習班,屏東市民生路4-11號1-2樓,08-7220618,屏府教終字第11254989000號,2023-08-28
87202308170001,私立捷成文理短期補習班,屏東市仁愛路107號,(08)7360019,屏府教終字第11253175600號,2023-08-15
87202309270002,"屏東縣私立駿森 文理短期補習班",內埔鄉中勝路371號,(08),府教終第11229933700號,2023-07-24
87202306010001,屏東縣私立南医文理短期補習班,屏東市仁愛路132之2號,08-7372525,屏府教終字第11220560000號,2023-05-29
87202305020001,屏東縣私立快樂星星文理短期補習班,屏東市建豐路45號,0971-820921,屏府教終字第11216242000號,2023-05-02
87202305020002,屏東縣私立優肯文理短期補習班,屏東市建豐路286-1號,0926-784718,屏府教終字第11216583000號,2023-05-02
87202303220002,屏東縣私立品學文理短期補習班,屏東市建豐路46、48號1~2樓,(08)737-7258,屏府教終字第11207306700號,2023-03-13
87202303220001,屏東縣私立翰霆文理短期補習班,屏東市永大路114巷22號,0929-535286,屏府教終字第11206492600號,2023-03-10
87202302240001,屏東縣私立智群文理短期補習班,屏東市建豐路233號1~2樓,0910-757288,屏府教終字第11205212000號,2023-02-18
87202302060001,屏東縣私立東海文理技藝短期補習班,屏東縣內埔鄉自強路22號,(08)778-1501,屏府教終字第11202611900號,2023-01-30
87202301160001,屏東縣私立許凱文理短期補習班,屏東市德豐街51號1~2樓,0900-227311,屏府教終字第11201584200號,2023-01-16
87202301050001,屏東縣私立緯丞文理短期補習班,屏東市華盛街7-6號1樓,0919-876779,屏府教終字第11172821400號,2022-12-29
87202212090001,屏東縣私立侑好文理短期補習班,屏東市棒球路116號,0933-096048,屏府教終字第11169443800號,2022-12-09
87202210140001,屏東縣私立艾沛思文理短期補習班,屏東市廣東路1145號1~5樓,0937-652132,屏府教終字第11161119400號,2022-10-13
87202206300001,屏東縣私立名城文理短期補習班,屏東縣車城鄉福興村忠孝路101號,0931-035015,屏府教終字第11125139300號,2022-06-30
87202207080001,屏東縣私立金采文理短期補習班,屏東縣枋寮鄉東海路479號,0906-705552,屏府教終字第11121637200號,2022-06-09
87202206130001,屏東縣私立柏思學院文理短期補習班,屏東市仁愛路105號,08-7350666,屏府教終字第11121473000號,2022-06-07
87202206090001,屏東縣私立孫老師文理技藝短期補習班,屏東市博愛路263-6號1~2樓,0919-155713,屏府教終字第11121663700號,2022-06-06
87202205170001,屏東縣私立睿智文理技藝短期補習班信義分班,屏東市信義路52-1號1-2樓,(08)732-4152,屏府教終字第11117565000號,2022-05-12
87202206070001,屏東縣私立弘名文理短期補習班,屏東縣潮州鎮堯舜街51號1-2樓,(08)7804780,屏府教終字第11116622400號,2022-05-06
87202204220001,屏東縣私立靖林文理短期補習班,屏東縣內埔鄉廣濟路6號,(08)779-7207,屏府教終字第11114303900號,2022-04-20
87202204210001,屏東縣私立學城文理短期補習班,屏東縣潮州鎮中山路東段1-1號1樓,0918069070,屏府教終字第11111899600號,2022-04-12
87202203290001,屏東縣私立拉爾文理短期補習班,屏東市廣東路1436號1~3樓,(08)7320729,屏府教終字第11112051700號,2022-03-28
87202203140001,屏東縣私立睿智文理技藝短期補習班,屏東市建豐路174號1~2樓,(08)738-2757,屏府教終字第11108418100號,2022-03-10
87202203160002,屏東縣私立采玥音樂技藝短期補習班,屏東市廣東路1496之6號1~2樓,(08)766-5122,屏府教終字第11107507700號,2022-03-08
87202203160001,屏東縣私立學築文理短期補習班,屏東市民學路41巷1號,(08)7213456,屏府教終字第11105781700號,2022-02-25
87202112270001,屏東縣私立光一技藝短期補習班,屏東市民享路84號1樓,(08)721-0332,屏府教終字第11060269600號,2021-12-17
87202112140001,屏東縣私立名閎文理短期補習班,屏東市崇勝一街9號1~2樓,(08)732-4599,屏府教終字第11058549900號,2021-12-13
87202112100001,屏東縣私立宏林文理短期補習班,屏東縣潮州鎮公園路36號1~2樓,(08)789-6596,屏府教終字第11057145700號,2021-12-09
87202111160001,屏東縣私立美粧音樂技藝短期補習班,屏東市廣東路882號1-2樓,(08)732-7589,屏府教終字第11053452100號,2021-11-15
87202111160002,屏東縣私立康尼文理短期補習班,屏東市廣東路1536號1-3樓,0979567120,屏府教終字第11052642700號,2021-11-11
87202111160003,屏東縣私立定巧文理美語短期補習班,屏東市金城街86之14號1-2樓,(08)7363067,屏府教終字第11047890700號,2021-10-12
87202111160004,屏東縣私立立志文理短期補習班,屏東市信義路272號1-3樓,(08)736-1037,屏府教終字第11043048000號,2021-09-06
87202208090001,屏東縣私立德品美語文理短期補習班,屏東縣潮州鎮光華里民生路2-16號1~2樓,0908-391269,屏府教終字第11043049500號,2021-09-06
87202111110001,屏東縣私立百研文理短期補習班,屏東縣東港鎮新勝街62巷9號1樓,(08)832-1131,屏府教終字第11041307300號,2021-08-27
87202107120001,屏東縣私立享學文理短期補習班,屏東縣萬巒鄉東興路26-6號1~2樓,0931-399512,屏府教終字第11025366500號,2021-07-12
87202106030001,明光明正文教有限公司附設明光明正文理短期補習班,屏東市自由路420-10號1~2樓,(08)735-1998,屏府教終字第11018367700號,2021-05-21
87202105190002,屏東縣私立樂閱文理短期補習班,屏東市高豐街98號1-2樓,0918-465748,屏府教終字第11017680700號,2021-05-17
87202105190001,屏東縣私立亦捷文理短期補習班,屏東市瑞光路一段157號1~2樓,0982-992168,屏府教終字第11017934900號,2021-05-17
87202104150001,屏東縣私立隆安文理短期補習班,屏東縣枋寮鄉隆安路150巷23號1樓,0975-309033,屏府教終字第11009881400號,2021-04-12
87202105070001,中國青年救國團屏東縣團委會附設文理技藝短期補習班,屏東市成功路206號,(08)736-1084,屏府教終字第11012824500號,2021-04-12
87202104010001,屏東縣私立毅欣文理短期補習班,屏東市光復路74號1樓,0931-842201,屏府教終字第11010481500號,2021-03-30
87202103250001,屏東縣私立宸妡宇文理短期補習班,屏東縣東港鎮光復路一段291號,(08)8351585,屏府教終字第11007854400號,2021-03-22
87202103290001,屏東縣私立育陞小學堂文理短期補習班,屏東縣潮州鎮海康街145巷11號1樓,(08)780-2832,屏府教終字第11008529800號,2021-03-19
87202102200001,屏東縣私立米緹亞文理短期補習班,屏東縣潮州鎮朝昇路22巷62-1號1-2樓,(08)7881116,屏府教終字第11003829500號,2021-02-05
87202101200002,屏東縣私立耀彥美語文理短期補習班,屏東市博愛路308號1~2樓,(08)7330855,屏府教終字第11001219100號,2021-01-20
87202101200001,屏東縣私立羅琳美語文理短期補習班,屏東市廣東路10號1樓,(08)723-0058,屏府教終字第11001242800號,2021-01-19
87202101150001,屏東縣私立波夏美語文理短期補習班,屏東縣九如鄉林森路23號1~2樓,0980-088313,屏府教家字第11000373000號,2021-01-13
87202012110001,屏東縣私立光陽文理短期補習班,屏東市金城街61之3號1~2樓,0929-409300,屏府教家字第10900397900號,2020-12-11
87202012080001,屏東縣私立潘文文理短期補習班,屏東縣東港鎮明德一路366巷21號1樓,0987497038,屏府教家字第10900390600號,2020-12-08
87202012080002,屏東縣私立晴慧文理技藝短期補習班,屏東縣東港鎮水源路40號1~2樓,0936-374179,屏府教家字第10900389500號,2020-12-08
87202010120001,屏東縣私立盈盈文理短期補習班,屏東縣里港鄉八德路170號1~2樓,0983388278,屏府教家字第10900321700號,2020-10-12
87202009110002,屏東縣私立階梯美語文理短期補習班,屏東縣恆春鎮省北路40巷40號1樓,8880728,屏府教家字第10900280800號,2020-09-10
87202009110001,屏東縣私立吳尊數學技藝文理短期補習班,屏東縣潮州鎮四維路41號,0931977727,屏府教家字第10900276800號,2020-09-10
87202009010001,屏東縣私立陛凱斯美語文理短期補習班,屏東縣潮州鎮朝昇路314號1-2樓,(08)7800020,屏府教家字第10900264800號,2020-09-01
87202008260001,屏東縣私立優勝文理短期補習班,屏東縣麟洛鄉中華路210號1樓,(08)7261585,屏府教家字第10900264500號,2020-08-26
87202007090001,屏東縣私立學吧文理短期補習班,屏東市公興路221巷26號,0929930901,屏府教家字第10900204700號,2020-07-09
87202005210001,屏東縣私立以凡文理短期補習班,屏東縣高樹鄉田子村平安巷3號,0975-030519,屏府教家字第10900149100號,2020-05-19
87202003300001,屏東縣私立高分文理短期補習班,屏東市和平路490號6樓,(08)7327001,屏府教家字第10900094100號,2020-03-30
87201910050001,屏東縣私立耕學園文理短期補習班,屏東市建豐路165號1~2樓,0927020207,屏府教家字第10830315800號,2019-10-04
87201910040001,屏東縣私立育采美語文理短期補習班,屏東縣潮州鎮朝昇路80巷88弄17號1~2樓,(08)7897573,屏府教家字第10830301200號,2019-10-03
87201909120002,屏東縣私立高名文理短期補習班自由分班,屏東市自由路360號2~3樓,08-7351899,屏府教家字第10830287700號,2019-09-06
87201909120001,屏東縣私立蕎恩英語短期補習班,屏東市崇蘭里崇朝路130號1樓,0920323496,屏府教家字第10830290700號,2019-09-06
87201908260001,屏東縣私立辰冠文理短期補習班,屏東縣林邊鄉中林路6號1樓,08-8750178,屏府教家字第10830278000號,2019-08-26
87201907250002,屏東縣私立王迎曦文理短期補習班,屏東縣恆春鎮北門路39巷18號1~3樓,0933688922,屏府教家字第10830245000號,2019-07-25
87201907250001,屏東縣私立童話屋創藝小學院技藝短期補習班,東港鎮內關帝里興東一街212號,0921255285,屏府教家字第10830235500號,2019-07-23
87201907180001,屏東縣私立橋譽文理短期補習班,屏東縣里港鄉過江村仁愛路77號1~2樓,08-7720922,屏府教家字第10830220100號,2019-07-09
87201905290001,屏東縣私立軒予美語文理短期補習班,屏東市華盛一街12號1~2樓,0925098058,屏府教家字第10830147800號,2019-05-20
87201904240001,屏東縣私立美傑堡文理技藝短期補習班,屏東市豐榮街96號1~2樓,(08)7375501,屏府教家字第10830102600號,2019-04-23
87201904010002,屏東縣私立皇甫文理短期補習班,屏東縣東港鎮興東里明德路93號1~2樓,835-1288,屏府教家字第10830042200號,2019-03-08
87201810050001,屏東縣私立文橋文理短期補習班,屏東縣恆春鎮城西里西門路139號1樓,08-8882127,屏府教家字第10730205700號,2018-10-10
87201810220001,屏東縣私立漢丞文理短期補習班,屏東縣東港鎮大成路22巷30號1樓,(08)833-3598,屏府教家字第10730250500號,2018-10-02
87201809190001,屏東縣私立立大文理短期補習班,屏東市建武路20號1-2樓,08-7550655,屏府教家字第10730246500號,2018-09-17
87201808290001,屏東縣私立光予文理短期補習班,屏東市崇蘭里崇朝路76號1樓,0978912079,屏府教家字第10730217400號,2018-08-17
87201806120001,屏東縣私立吳的文理短期補習班,屏東縣東港鎮中山路2-85號1-2樓,(08)835-5751,屏府教家字第10730106700號,2018-06-01
87201805300001,屏東縣私立樂讀林文理短期補習班,屏東市建豐路245號1-2樓,"08-736 0607",屏府教家字第10730102000號,2018-05-24
87201805140002,屏東縣私立陞達文理短期補習班,屏東市大武路17號1-2樓,08-7530017,屏府教家字第10730089200號,2018-05-11
87201805140001,屏東縣私立伍老師文理短期補習班,屏東縣東港鎮中正路二段291號1-2樓,0918-403-377,屏府教家字第10730071100號,2018-05-07
87201804100001,屏東縣私立學學文理短期補習班,屏東市建豐路277巷6號1-2樓,0935-755-323,屏府教家字第10730045100號,2018-03-31
87201803200001,屏東縣私立樂多音樂技藝短期補習班,屏東市中正路142號1樓,"08-7386789 / 0953909230",屏府教家字第10707872500號,2018-03-15
87201803200002,屏東縣私立高群美語文理短期補習班,屏東市廣東路1496號,(08)733-9900,屏府教終字第10707596400號,2018-03-14
87201803150001,屏東縣私立魔荳美語短期補習班,屏東縣東港鎮中正路二段505號1-2樓,(08)8324649,屏府教終字第10706453600號,2018-03-12
87201806140001,屏東縣私立宏騰文理短期補習班,屏東縣長治鄉振興路8號1樓,(08)762-5247,屏府教終字第10703690100號,2018-02-21
87201801090001,屏東縣私立可尚文理短期補習班,屏東縣萬丹鄉社皮路二段360號1-2樓,(08)7075208/0912198271,府教終字第10683873800號,2018-01-08
87201803270001,屏東縣私立品聖文理短期補習班,屏東縣內埔鄉原勝路99號,(08)7705672,屏府教終字第10673589300號,2017-10-16
87202003060002,屏東縣私立史麥美語短期補習班鶴聲分班,屏東市華盛街1-18號1~2樓,0939504883,屏府教終字第10673602700號,2017-10-11
87202003060001,屏東縣私立龍勝文理短期補習班,屏東縣內埔鄉龍泉村中勝路282號1樓,"08-7707182 / 0928784664",屏府教終字第10629172700號,2017-09-25
87201709220002,屏東縣私立益群美語短期補習班,屏東市建豐路120號1-2樓,0910757288,府教終字第10613974500號,2017-09-22
87201706190001,屏東縣私立振昌文理短期補習班,屏東縣林邊鄉榮農路5巷10-20號1樓,(08)8758036,府教終字第10618840700號,2017-06-19
87201804170001,屏東縣私立123美語短期補習班,屏東市華盛街16-5號1-2樓,(08)7557878,府教終字第10612053200號,2017-04-20
87201701030001,屏東縣私立中興美語短期補習班萬丹分班,屏東縣萬丹鄉中興路二段488號,(08)7763917,府教終字第10579739300號,2016-12-14
87201612130001,屏東縣私立學禾文理短期補習班高朗分班,屏東縣鹽埔鄉高朗村三民路13號,(08)793-5080,府教終字第10580276000號,2016-12-13
87201612130003,屏東縣私立博一文理短期補習班,屏東市建豐路235號1樓,(08)7389292,府教終字第10576714900號,2016-11-25
87201612130002,屏東縣私立三民文理技藝短期補習班,屏東市中山路28號,08-8219199,府教終字第10576711300號,2016-11-25
87201611240001,屏東縣私立華現技藝短期補習班,屏東縣恆春鎮省北路121巷5之1號,(08)8891872,府教終字第10575558100號,2016-11-09
87201610310001,屏東縣私立樂師文理短期補習班,屏東縣潮州鎮南進路27-1號,0928-697-858/7881799,府教終字第10572105700號,2016-10-14
87201610190001,屏東縣私立大博優美語文理短期補習班(原優得),屏東市林森路5-7號,(08)7214275,府教終字第10572940700號,2016-10-07
87201610070001,屏東縣私立雲揚文理短期補習班,屏東縣內埔鄉昭勝路375號1-2樓,(08)7707531,府教終字第10571635700號,2016-10-04
87201609070001,屏東縣私立佳園文理短期補習班,屏東市廣東路1442號,(08)7662325,屏府教終字第10529042500號,2016-09-05
87201608260002,屏東縣私立佳怡英語短期補習班忠孝分班,屏東市建豐路286-2號,08-7360885,府教終字第10527712900號,2016-08-25
87201608260001,屏東縣私立黃氏珠心算文理短期補習班內埔分班,屏東縣內埔鄉仁華路3號、5號1-2樓,(08)7691006,府教終字第10525457300號,2016-08-10
87201608020001,屏東縣私立升詰文理短期補習班,屏東縣里港鄉玉田村4鄰精華街2號1-2樓,0917810213,屏府教終字第10525029000號,2016-08-02
87201608010001,屏東縣私立吉凱特文理短期補習班,屏東縣東港鎮水源二街28號1-2樓,(08)8336220,府教終字第10523335500號,2016-07-29
87201607260001,屏東縣私立艾笛緣技藝短期補習班,屏東縣萬丹鄉社皮路二段461號1-2樓,"08-707-6938 / 0961299577",府教終字第10520720900號,2016-07-13
87201607070001,屏東縣私立金冠學文理短期補習班,屏東縣潮州鎮新榮里清水南路23巷16號1-3樓,(08)7890995,府教終字第10520722200號,2016-07-04
87201607060001,屏東縣私立樂思文理短期補習班,屏東市大武里建國路139號,(08)7561588,府教社字第10512888100號,2016-05-06
87201602220001,屏東縣私立育一文理短期補習班,屏東市豐田里瑞光路二段78號,08-7233625,屏府教終字第10478944500號,2015-12-23
87201512100001,屏東縣私立家芸文理技藝短期補習班,屏東縣九如鄉東寧(村)路61號,(08)739-5282,府教終字第10477532000號,2015-12-10
87201510280002,屏東縣私立蔡伊斯文理短期補習班,屏東市自由路361-2號1-2樓,(08)7350345,屏府教終字第10429447800號,2015-10-28
87201510280001,屏東縣私立智天使文理短期補習班,屏東縣枋寮鄉隆山村隆安路23號1樓,0913675188,屏府教終字第10428006800號,2015-10-01
87201510080001,屏東縣私立威士頓美語文理短期補習班,屏東縣萬丹鄉萬惠村中興路二段661號2-3樓,08-7770666,屏府教終字第10426721700號,2015-09-04
87201507280001,屏東縣私立學暘國文短期補習班,屏東縣里港鄉過江路41之107號,(08)7758670,屏府教終字第10421006400號,2015-07-22
87201507200003,屏東縣私立快樂小螞蟻美語文理短期補習班,屏東縣潮州鎮光華里華安街47巷15號2樓,(08)7897520,屏府教終字第10421022600號,2015-07-21
87201505190001,屏東縣私立李老師美語文理短期補習班,屏東縣內埔鄉仁智路42-1號1樓,(08)7786605,屏府教終字第1040982500號,2015-05-20
87201505140001,屏東縣私立子芸音樂短期補習班,屏東市蘭州街154之1號1樓,(08)7661206,屏府教終字第10410938600號,2015-05-15
87201507070013,屏東縣私立莘苑美語短期補習班,屏東縣東港鎮船頭里水源路8號1-2樓,(09)21587584,屏府教社字第10410827100號,2015-04-24
87201707270001,屏東縣私立李易文理短期補習班新勝分班,屏東縣東港鎮新勝街73號1-2樓,0920423232,屏府教終字第10404025400號,2015-02-25
87201507080003,屏東縣私立小木屋英文短期補習班,屏東市豐源里公園東路27號1-2樓,(08)7220351,屏府教社字第10402342100號,2015-02-16
87201507070011,屏東縣私立魔法園地英文短期補習班,屏東縣嵌頂鄉園寮村南平巷87號1樓,"0930256609 / 0930259121",屏府教社字第10400678300號,2015-02-10
87201507070008,屏東縣私立開心美語短期補習班,屏東市長春街169號1-2樓,08-7369797,屏府教終字第10400919600號,2015-01-23
87201507070005,屏東縣私立奇德兒文理短期補習班,屏東縣內埔鄉仁智路46號1-2樓,(08)7795534,屏府教社字第10400919400號,2015-01-23
87201507070006,屏東縣私立快樂畫畫中心短期補習班,屏東市瑞光里香揚巷231號1樓,(08)7223950,府教社字第10378349900號,2015-01-07
87201507060001,屏東縣私立巧巧兒美語文理短期補習班,屏東縣九如鄉九清村忠孝街21-5號1~3樓,(08)739-4991,屏府教社字第10376292200號,2014-12-15
87201507070003,屏東縣私立以謝以勒文理短期補習班,屏東縣內埔鄉仁和路82號1-2樓,"(08)7693677 / 0963162990",府教社字第10376217900號,2014-12-15
87201507070002,屏東縣私立萬達美語短期補習班,屏東市民權里忠孝路65號,(08)7654422,府教社字第10372704300號,2014-11-28
87201507070007,屏東縣私立同文美語文理短期補習班,屏東市崇蘭里古松西巷385-58號,(08)7379090,府教社字第10376148100號,2014-11-28
87201507070009,屏東縣私立高名文理短期補習班明正分班,屏東市仁愛路124號2-3樓,(08)7383789,府教社字第10372742400號,2014-11-07
87201507070001,屏東縣私立藝術調色盤音樂短期補習班,屏東市華山里華山街32號2樓,(08)-7388608,府教社字第10372700900號,2014-11-07
87201507070012,屏東縣私立蘋果樹文理短期補習班,屏東縣恆春鎮中正路232巷101弄32-1號1樓,(08)8880558,府教社字第10371126600號,2014-11-05
87201410260001,屏東縣私立雨果美語短期補習班,屏東縣林邊鄉仁和村和平路41-9號1-2樓,08-8753340,府教社字第10377193100號,2014-10-24
87201507080001,屏東縣私立寰亞美術技藝短期補習班,屏東縣新園鄉仙隆路49巷61號1-2樓,(08)8687631,府教社字第10323786800號,2014-09-05
87201507070010,屏東縣私立洪老師美語文理短期補習班,屏東縣潮州鎮中洲路149號1-2樓,(08)780-3179,府教社字第10324100100號,2014-08-29
87201507070015,屏東縣私立娃娃國才藝短期補習班,屏東縣林邊鄉忠愛路4號1樓,(08)8752573,府教社字第10320166900號,2014-07-21
87201507080002,屏東縣私立怡然才藝美語文理短期補習班,屏東市天津街12-8號,(08)7336863,府教社字第10317620400號,2014-07-09
87201507080004,屏東縣私立九如文理短期補習班,屏東縣九如鄉維新街50號1-2樓,(08)7394972,府教社字第10310758900號,2014-04-29
87201405070001,屏東縣私立九如小太陽文理短期補習班,屏東縣九如鄉忠孝街90巷16號1樓,(08)7393282,"屏府教終字第10306512900 號",2014-04-02
87201403110007,屏東縣私立米克諾斯文理短期補習班,屏東縣九如鄉東寧路174號1-2樓,08-7393780,屏府教社字第10302193500號,2014-02-10
87201403120002,櫻花外語文化有限公司附設屏東縣私立櫻花美日韓語文理短期補習班,屏東市仁愛路116號1-2樓,08-7368948,"府教社字第10278995000 號",2014-01-23
87201403110004,屏東縣私立祥光文理短期補習班,屏東市大武里武威街170巷78號1-2樓,0965212980,"府教社字第10279673700 號",2014-01-16
87201705180002,屏東縣私立信星文理短期補習班,屏東縣潮州鎮南進路29號,(08)7802695,府教終字第10317594600號,2013-12-27
87201403110005,屏東縣私立明星文理短期補習班,屏東縣九如鄉東寧村東寧路137-1號,(08)7391461,"府教社字第10275551400 號",2013-12-11
87201403110006,屏東縣私立艾林文理美語短期補習班,屏東縣新園鄉新厝路96號1~2樓,(08)868-7292,"府教社字第10274634700 號",2013-12-09
87201403110001,屏東縣私立高等美語文理短期補習班,屏東縣萬丹鄉萬全村萬榮街11號1樓,(08)7770209,"府教社字第10271566400 號",2013-11-11
87201403110003,屏東縣私立新道和美語文理短期補習班,屏東縣東港鎮光復路一段258號,(08)8333825,"府教社字第10271061500 號",2013-11-06
87201403180001,屏東縣私立吉諾瓦英文短期補習班,屏東縣枋寮鄉建興路82號,0935791892,"府教社字第10228628600 號",2013-10-04
87201403110002,屏東縣私立巨匠電腦股份有限公司附設巨匠美語短期補習班,屏東市逢甲路11.13.15號1-2樓,(08)765-5537,屏府教社字第10228318000號,2013-09-30
87201308100001,屏東縣私立劉老師文理短期補習班,屏東縣東港鎮船頭里27鄰新義路62號1樓,(08)835-1413,"府教社字第10220144400 號",2013-07-19
87200812120001,私立戴爾興業有限公司附設戴爾美語短期補習班,屏東市中山路4號2樓,(08)8101010,"府教社字第 10218529500號",2013-06-26
87201507270001,屏東縣私立突破文理短期補習班,屏東縣里港鄉大平村文昌巷14號1樓,(08)7757673,府教社字第10219270900號,2013-05-16
87201304260001,屏東縣私立進階美語短期補習班,屏東縣萬丹鄉下蚶路410號,0938905183,"府教社字第 號10209574200",2013-04-24
87201301310001,屏東縣私立采思文理短期補習班,屏東縣潮州鎮永安路2-2號1樓,7898116,府教社字第10201696400號,2013-01-15
87201301160001,屏東縣私立吳迪文理短期補習班,屏東縣萬丹鄉萬新路1495巷63號1樓,"0919-750236 / 7776090","府教社字第10200723800 號",2013-01-09
87201302040001,智基科技開發股份有限公司附設屏東縣私立志光法商文理短期補習班東港分班,屏東縣東港鎮中正路1段115號1-2樓,(08)835-0606,"府教社字第10138017400 號",2012-11-30
87201302180001,屏東縣私立牛耳美語文理短期補習班,屏東市高豐街117巷15號1-2樓,(08)7363778,"府教社字第10131361000 號",2012-10-03
87201704280001,屏東縣私立成大文理短期補習班,屏東市博愛路302之1號1-2樓,08-7327141,府教社字第10227399600號,2012-09-17
87201208220001,屏東縣私立傳程美語短期補習班,屏東市田寮巷36號1~2樓,(08)7362532,"府教社字第10126245100 號",2012-08-15
87201208130001,屏東縣私立鑫怡然美語文理短期補習班,屏東市自由路359號1-2樓,(08)7381278,"府教社字第10123317900 號",2012-08-10
87201507170001,屏東縣私立冠迪美語文理短期補習班,屏東縣新園鄉新田路22巷6號2-3樓,(08)8686908,府教社字第10121675100號,2012-07-19
87201206140001,屏東縣私立禮安美語文理短期補習班,屏東市建豐路214號1-2樓,(08)7385091,"府教社字第1010153096 號",2012-06-05
87201205300002,屏東縣私立周老師文理短期補習班,屏東縣內埔鄉文昌路38號1-2樓,(08)7786066,"府教社字第1010144166 號",2012-05-25
87201005040002,屏東縣私立全友美語短期補習班,屏東縣潮州鎮永誠街50巷2號1樓,7886233,"府教社字第1010134500 號",2012-05-16
87201205010001,屏東縣私立師大文理短期補習班,屏東縣萬丹鄉萬新路1612號,(08)7770302,"府教社字第1010109456 號",2012-04-20
87201203230001,屏東縣私立學鴻文理短期補習班,屏東市德豐街40號1-2樓,(08)7374075,"府教社字第1010075776 號",2012-03-19
87201201030001,屏東縣私立速學系文理美語短期補習班,屏東市廣東路1406號1-3樓,(08)7337206,"府教社字第1000345227 號",2011-12-29
87201112260001,屏東縣私立欣陽美語文理短期補習班,屏東縣高樹鄉高樹村華光路50-2號,087967000,"府教社字第1000338820 號",2011-12-22
87201110200001,屏東縣私立路比美語美術短期補習班,屏東縣內埔鄉自強路104號,"(08)7693456 / 0980315088","府教社字第1000263358 號",2011-10-05
87201112010001,屏東縣私立英才文理珠心算短期補習班,屏東縣萬丹鄉萬壽路二段261號1-2樓,(08)7763238,"府教社字第 1000240551號",2011-09-13
87201111010002,屏東縣私立育人美語文理短期補習班,屏東縣新園鄉仙吉路143號1~3樓,(08)8686963,府教社字第1000229866號,2011-08-31
87201105040001,三槐文教科技股份有限公司附設屏東縣私立龍馬美語文理短期補習班,屏東市興隆街7號,"08-7321421 / 0910-928210","府教社字第1000101351 號",2011-04-19
87201103240003,屏東縣私立美育奧福音樂短期補習班,屏東市中山路187號2樓,(08)7651378,"府教社字第1000071721 號",2011-03-18
87201103240002,屏東縣私立紐約派美語短期補習班,屏東縣恆春鎮北門路174巷2-2號1樓,(08)8881001,"府教社字第1000020187 號",2011-01-19
87201101050001,屏東縣私立宇凡文理美語短期補習班,屏東市福建路3-8號6樓,(08)7336177,"府教社字第1000004897 號",2011-01-04
87201101050002,屏東縣私立喬安文理技藝短期補習班,屏東縣潮州鎮自由路206號,7898907--0960500692,"府教社字第0990317392 號",2010-12-24
87200702150001,聯成電腦股份有限公司附設屏東縣私立聯成技藝短期補習班,屏東市中山路25號,(08)7325018,屏府教社字第0990314897號,2010-12-22
87201011240002,屏東縣私立逸登科美語文理短期補習班,屏東縣內埔鄉內埔村中興路178號,(08)7788105,"府教社字第0990283664 號",2010-11-18
87201010190001,屏東縣私立鑫怡光美語文理短期補習班,屏東市溝美里自由路361-1號,08-7388037,"府教社字第0990232783 號",2010-09-24
87201010180001,屏東縣私立智勝文理短期補習班,屏東縣里港鄉仁愛路78號1~4樓,(08)7750088,"府教社字第0990219798 號",2010-09-08
87201010180004,屏東縣私立肯特美語文理短期補習班,屏東縣鹽埔鄉鹽中村民族路6之1號,(08)7932028,"府教社字第0990217160 號",2010-09-06
87201010180003,屏東縣私立冠達美語文理短期補習班,屏東縣嵌頂鄉崁頂村中正2巷21-1號,(08)8631890,"府教社字第 0990210876號",2010-08-30
87201008260001,屏東縣私立學都美語文理短期補習班,屏東縣內埔鄉內埔村中華二街99號,08-7693530,"府教社字第0990194709 號",2010-08-25
87201007280001,屏東縣私立親親美語文理短期補習班,屏東市建武路111號,(08)7539299,"府教社字第0990182277 號",2010-07-27
87201006010002,屏東縣私立美的學園美語短期補習班,屏東縣嵌頂鄉嵌頂村中正路2-7號1-2樓,"(08)8630807 / 0920688746","府教社字第0990122391 號",2010-05-19
87201005140001,屏東縣私立中興美語短期補習班,屏東縣萬丹鄉中興路二段482.482-1號,0932808240,"府教社字第0990116276 號",2010-05-12
87201005040001,屏東縣私立立揚文理短期補習班,屏東縣里港鄉仁愛路10號,(08)7722248,"府教社字第0990101057 號",2010-04-26
87201004020001,屏東縣私立領航美語短期補習班,屏東縣潮州鎮愛國路46號,(08)7889403,"府教社字第0990075390 號",2010-03-29
87201003160001,屏東縣私立羅氏美語短期補習班,屏東縣東港鎮水源路28號,(08)8310532,"府教社字第0990061597 號",2010-03-15
87201003150001,屏東縣私立鄧老師文理短期補習班,屏東市豐榮街155號,(08)7375298,"府教社字第 0990049088號",2010-03-02
87201002250002,屏東縣私立名冠學美語文理短期補習班,屏東市自由路363-1號,(08)7365159,"府教社字第 0990043308號",2010-02-23
87201002250001,屏東縣私立昱丞技藝短期補習班,屏東縣萬丹鄉萬壽路二段243號,(08)7760698,"府教社字第0990042217 號",2010-02-22
87201002110002,屏東縣私立誌霖文理短期補習班,屏東市公裕街287號,(08)7336828,"府教社字第0990038475 號",2010-02-10
87201002110001,屏東縣私立海格芮數位學院文理短期補習班,屏東縣麟洛鄉麟趾村中興街67號,(08)7213633,"府教社字第0990038476 號",2010-02-10
87201002110003,屏東縣私立全明文理短期補習班,屏東縣潮州鎮曲江街20巷3號1-2樓,(08)7899122,"府教社字第0990038473 號",2010-02-10
87201001220001,屏東縣私立高名文理短期補習班中正分班,屏東市瑞光路二段23號,(08)7222298,"府教社字第0990018742 號",2010-01-19
87201001140001,屏東縣私立伯利恆美語文理藝術短期補習班,屏東縣潮州鎮長興路54號,(08)7883360,"府教社字第0990009210 號",2010-01-08
87201001050001,屏東縣私立國際美語文理短期補習班,屏東縣萬丹鄉萬生村成功路一段17號,(08)7773135,"府教社字第0980302945 號",2009-12-23
87200912240001,屏東縣私立新起點美語文理短期補習班,屏東市德豐街158號,(08)7367652,"府教社字第0980298629 號",2009-12-18
87200912160002,屏東縣私立柏森才藝文理短期補習班屏東分班,屏東市民生路67-7號,0926354151,"府教社字第0980275426 號",2009-11-20
87200911190003,屏東縣私立藍老師美語短期補習班,屏東縣東港鎮新基街101號,(08)8334096,"府教社字第0980268599 號",2009-11-12
87200911190001,屏東縣私立柏森才藝文理短期補習班潮州分班,屏東縣潮州鎮永春里興隆路18號1-3樓,0926354151,"府教社字第 0980252662號",2009-10-26
87200910220001,屏東縣私立力勝美語文理短期補習班,屏東市廣東南路61號,(08)7526588,"府教社字第 0980246598號",2009-10-19
87200910220003,屏東縣私立蓁虹文理短期補習班,屏東縣潮州鎮和順街34號,7883949/0929677052,"府教社字第0980232685 號",2009-10-02
87200910220002,屏東縣私立科宏美語文理短期補習班,屏東縣萬丹鄉萬壽路二段245號,776-0933,"府教社字第 0980225730號",2009-09-24
87200909180001,屏東縣私立小神童美語文理短期補習班,屏東市建豐路95號,(08)7353949,"府教社字第 0980215263號",2009-09-14
87200909160002,屏東縣私立百勝美語短期補習班,屏東市建豐路270號1-2樓,(08)7353599,"府教社字第0980210581 號",2009-09-08
87200909160003,屏東縣私立愛丁堡美語文理短期補習班,屏東縣麟洛鄉麟趾村中正路國小巷32號,(08)7216192,"府教社字第0980210580 號",2009-09-08
87200909100002,屏東縣私立博士家美語文理短期補習班,屏東縣恆春鎮環城北路245號,(08)8898397,"府教社字第0980206407 號",2009-09-03
87200909160001,私立簡單數學教室文理短期補習班,屏東縣內埔鄉復興路19號,(08)7794475,"府教社字第0980202859 號",2009-08-31
87200909100003,屏東縣私立碁妙陶然才藝短期補習班,屏東縣內埔鄉內田村德美路235號,(08)7694088,"府教社字第0980202855 號",2009-08-31
87200909150001,屏東縣私立林旻美語文理短期補習班,屏東縣高樹鄉南興路74-7號,0928170292,府教社字第0980202863號,2009-08-31
87200909100005,屏東縣私立康證美語文理短期補習班,屏東縣高樹鄉興中路2巷11號1~2樓,(08)7966591,"府教社字第0980202865 號",2009-08-31
87200908190002,屏東縣私立弘育美語文理短期補習班,屏東縣高樹鄉雙興路86號,"(08)7962130  0912355943","府教社字第 0980190455號",2009-08-14
87200908190001,屏東縣私立加語英語教育中心文理短期補習班,屏東縣麟洛鄉仁愛街61-1號,(08)7238686,"屏府教社字第 0980190458號",2009-08-14
87200908190003,屏東縣私立捷紳美語短期補習班(原勤學),屏東縣東港鎮新勝街62巷46號,(08)833-3714,"府教社字第 0980164200號",2009-07-13
87200907280002,屏東縣私立邦橋美語短期補習班,屏東縣潮州鎮北門路16號,08-789-2347,"府教社字第0980162229 號",2009-07-09
87200907280001,屏東縣私立王老師美語文理短期補習班,屏東縣新園鄉中洲村仁愛路33號1~3樓,(08)8335951,"府教社字第 0980162221號",2009-07-09
87200907080001,屏東縣私立藍英文理短期補習班,屏東市廣東路1271號,(08)7336868,"府教社字第 0980155927號",2009-07-02
87200907060003,屏東縣私立博學文理短期補習班,屏東市建國路129號1~4樓,(08)753-5000,"府教社字第 0980154804號",2009-07-01
87200907060001,屏東縣私立種籽美語文理短期補習班,屏東市建豐路56號,(08)7387532,"府教社字第 0980147430號",2009-06-23
87200906020002,懷恩文理股份有限公司附設屏東縣私立懷恩文理短期補習班,屏東縣恆春鎮城北里北門路68巷8號,(08)8883450,"府教社字第0980123124 號",2009-05-25
87200906020001,屏東縣私立吉米文理短期補習班,屏東縣恆春鎮中正路232巷166號,(08)8899188,"府教社字第0980123140 號",2009-05-25
87200403010001,屏東縣私立儒林文理短期補習班,屏東市民族路104號2樓,(08)7330935,"屏府教社字第 0980118389號",2009-05-20
87200905210001,屏東縣私立佳和文理短期補習班,屏東縣內埔鄉內田村廣濟路79號,(08)778-8811,"府教社字第0980118388 號",2009-05-19
87200905150001,屏東縣私立鴻儒文教文理短期補習班,屏東縣東港鎮中山路2-81號,(08)8333077,"府教社字第0980112920 號",2009-05-12
87200905060001,屏東縣私立東林文理短期補習班,屏東縣內埔鄉仁華路2號1-2樓,(08)7792703,府教社字第0980096715號,2009-04-22
87200905040001,屏東縣私立威大文理短期補習班,屏東縣萬丹鄉成功街二段13號,(08)7771262,"府教社字第 0980096717號",2009-04-22
87200904090003,屏東縣私立書香苑文理短期補習班,屏東縣內埔鄉勝利路254號,(08)7784012,"府教社字第0980081883 號",2009-04-07
87200904090001,屏東縣私立萊恩學苑文理短期補習班,屏東市廣東路1404號1~3樓,0910-181713,屏府教社字第0980072470號,2009-03-30
87200904090002,屏東縣私立李易文理短期補習班,屏東縣東港鎮新勝街77號,(08)8337730,"府教社字第 0980072466號",2009-03-30
87200903240002,屏東縣私立杰昇文理短期補習班恆春分班(原高冠),屏東縣恆春鎮省北路33號,(08)8883858,"府教社字第 0980064411號",2009-03-20
87200902160001,屏東縣私立立勝文理美語短期補習班,屏東縣鹽埔鄉維新路211-6號,(08)7937159,屏府教社字第0980021976號,2009-02-02
87200812310001,屏東縣私立奧傑美語文理短期補習班,屏東市長春里廣州街4號2-4樓,(08)7211651,"府教社字第0970266474 號",2008-12-24
87200811280001,屏東縣私立培華文理短期補習班,屏東市龍華路152號,(08)7523786,"府教社字第 0970237216號",2008-11-18
87200811180001,屏東縣私立西格瑪美語文理短期補習班,屏東縣里港鄉大平村信義路24號,(08)7361266,"府教社字第0970230859 號",2008-11-13
87200810200002,屏東縣私立優質美語短期補習班,屏東市自由路420-9號,(08)7382857,"府教社字第 0970202331號",2008-10-03
87200810070002,屏東縣私立瀚霖才藝文理短期補習班,屏東縣萬丹鄉萬全村成功街二段111、113號,(08)7761243,屏府教社字第0970195374號,2008-09-24
87200810070001,私立台灣知識庫股份有限公司屏東分公司附設數位學堂文理短期補習班,屏東市南昌街1號,(08)7652590,屏府教社字第0970188063號,2008-09-15
87200809080005,屏東縣私立桃樂思美語短期補習班,屏東縣潮州鎮中洲路128.130號,08-7805390,屏府教社字第0970176383號,2008-08-29
87200809080007,屏東縣私立史都華美語短期補習班,屏東縣潮州鎮中山路東段27號,(08)7894216,屏府教社字第0970176380號,2008-08-29
87200809080003,屏東縣私立楊老師文理技藝短期補習班,屏東縣九如鄉東富街16巷8號1~4樓,(08)7397425,屏府教社字第0970172394號,2008-08-25
87200809080008,屏東縣私立喬治文理短期補習班,屏東市復興南路一段376巷1號1-2樓,(08)7561561,屏府教社字第0970172523號,2008-08-25
87200809080003,屏東縣私立楊老師文理技藝短期補習班,屏東縣九如鄉東富街16巷8號1~4樓,(08)7397425,屏府教社字第0970172394號,2008-08-25
87200808150001,屏東縣私立正傳文理短期補習班,屏東縣林邊鄉仁和村仁愛路84-1號,(08)8328088,屏府教社字第0970163721號,2008-08-12
87200808140003,屏東縣私立恆功美語文理短期補習班,屏東縣林邊鄉仁愛路76-2號,(08)8755468,屏府教社字第0970160602號,2008-08-07
87200808140001,屏東縣私立奕晨美語文理短期補習班,屏東縣萬丹鄉成功街二段162號,7761662,屏府教社字第0970160589號,2008-08-07
87200808080001,屏東縣私立陳老師文理短期補習班,屏東縣枋寮鄉安樂路2巷9號,(08)8782600,屏府教社字第0970154175號,2008-07-30
87200807160002,屏東縣私立樂學美語短期補習班,屏東市廣東路1516號,(08)7346642,屏府教社字第0970140701號,2008-07-10
87200807020001,屏東縣私立穹昕才藝音樂短期補習班,屏東市桂林街8-3號,0933684552,屏府教社字第0970130921號,2008-06-26
87200806160002,屏東縣私立貝特貝爾美語短期補習班,屏東縣東港鎮明禮路38巷12號,(08)8321958,屏府教社字第0970118313號,2008-06-10
87200806160001,屏東縣私立達博文理短期補習班,屏東縣萬丹鄉萬全村西環路752號,(08)7774114,屏府教社字第0970118310號,2008-06-10
87200806120003,屏東縣私立智元文理短期補習班,屏東市自由路474號2樓,(08)7383500,屏府教社字第0970109098號,2008-05-28
87200806120001,屏東縣私立愛兒文理短期補習班,屏東市清進路529巷5號2樓,0938-586127,屏府教社字第0970108171號,2008-05-27
87200805160002,屏東縣私立冠林文理短期補習班,屏東市崇智里重慶路1號4樓,(08)8001188,屏府教社字第0970092737號,2008-05-06
87200710300002,屏東縣私立軒宇文理美語短期補習班,屏東市潭漧里廣東路1277號,(08)7348567,屏府教社字第0970092738號,2008-05-06
87200804090001,屏東縣私立殊田文理短期補習班,屏東縣枋寮鄉中山路56-1號,(08)8780808,屏府教社字第0970067191號,2008-04-09
87200804090002,屏東縣私立柯老師文理短期補習班,屏東縣枋寮鄉中華路238號,(08)8710631,屏府教社字第0970067298號,2008-04-01
87200804020002,屏東縣私立華威文理短期補習班,屏東縣九如鄉九清村信義街8號,(08)7397269,屏府教社字第0970062679號,2008-03-26
87200804020001,屏東縣私立杰昇文理短期補習班,屏東市大武里華盛街1-32號,(08)755-2026,"屏府教社字第0970059700 號",2008-03-21
87200803200001,屏東縣私立育英文理短期補習班,屏東縣東港鎮興東路117號,(08)8334386,屏府教社字第0970050135號,2008-03-11
87200803170001,屏東縣私立方大文理短期補習班,屏東市廣州街2-1號,(08)7224204,屏府教社字第0970043166號,2008-03-05
87200802250001,屏東縣私立鄒老師美語文理短期補習班,屏東市自立南路169號,(08)7553637,屏府教社字第0970033655號,2008-02-18
87200803050003,屏東縣私立百翰文理短期補習班,屏東縣東港鎮新勝街62巷7弄10號,(08)8321131,屏府教社字第0970027282號,2008-02-04
87200802250002,屏東縣私立日昇美語文理短期補習班,屏東縣嵌頂鄉力社村舊店路1-22號,0938908536/8633545,屏府教社字第0970027272號,2008-02-04
87200802150001,屏東縣私立蔡老師才藝文理短期補習班,屏東縣枋寮鄉民生路95號,(08)8717880,屏府教社字第0970010172號,2008-01-10
87200712200003,屏東縣私立史麥美語短期補習班,屏東市華盛二街32號,0939504883,屏府教社字第0960251235號,2007-12-14
87200502050002,屏東縣私立前進英文短期補習班,屏東市武愛街35號,(08)7515195,屏府教社字第0960246419號,2007-12-07
87200711260002,屏東縣私立黃氏珠心算文理短期補習班,屏東市廣東路1346號,(08)7653677,屏府教社字第0960232046號,2007-11-19
87200711200001,屏東縣私立學習屋美語短期補習班,屏東市安心四橫巷229號,(08)7237081,屏府教社字第0960223573號,2007-11-07
87200711190002,屏東縣私立超優美語文理短期補習班,屏東縣枋寮鄉自強路88號,(08)8711480,屏府教社字第0960218597號,2007-10-31
87200603300004,屏東縣私立精英館文理短期補習班,屏東市上海路81-1號,(08)7327526,屏府教社字第0960215341號,2007-10-26
87200710300003,屏東縣私立亞力文理短期補習班,屏東縣萬丹鄉萬安村和平東路57號,(08)7761792,屏府教社字第0960207249號,2007-10-16
87200710300004,屏東縣私立弘林美語文理(美華分班)短期補習班,屏東縣林邊鄉美華路260號,08-8758860,屏府教社字第0960201933號,2007-10-15
87200710030001,屏東縣私立小豆苗美語文理短期補習班,屏東市龍華里龍華路98號,(08)7527186,屏府教社字第0960193276號,2007-09-26
87200704300002,屏東縣私立立群美語文理短期補習班,屏東市豐年街31巷8號3~4樓,(08)7373528,屏府教社字第0960186366號,2007-09-13
87200709140001,屏東縣私立育昇家教短期補習班,屏東市龍華里龍華路149巷5號,(08)7561573,屏府教社字第0960181747號,2007-09-07
87200709030002,屏東縣私立柏森才藝文理短期補習班,屏東縣萬丹鄉萬全村萬榮街145號,0982272248,屏府教社字第0960167984號,2007-08-17
87200709030001,屏東縣私立領導者文理短期補習班,屏東縣九如鄉成功二街12號,(08)7394003,屏府教社字第0960166276號,2007-08-15
87200708070001,屏東縣私立凱博美語文理短期補習班,屏東縣林邊鄉永樂村榮農路5巷10-4號1~2樓,(08)8758999,"屏府教社字第0960157828 號",2007-08-03
87200708070002,屏東縣私立功學社音樂中心股份有限公司屏東分公司附設中正音樂短期補習班,屏東市中正路109號1~5樓,(08)7322916,"屏府教社字第0960157231 號",2007-08-02
87200707160001,屏東縣私立立群美語文理短期補習班建豐分班,屏東市建豐路124號,(08)7373529,"屏府教社字第0960140431 號",2007-07-11
87200707060001,屏東縣私立徐老師美語短期補習班,屏東縣長治鄉香潭路101號1樓之2,0930809170,"屏府教社字第0960135053 號",2007-07-04
87200706210001,屏東縣私立村風畫語繪畫短期補習班,屏東市建國路41-4號,(08)7516651,"屏府教社字第0960126102 號",2007-06-21
87200706140001,屏東縣私立上林美語文理短期補習班,屏東縣萬丹鄉社皮路2段506號,(08)7075209,"屏府教社字第0960119798 號",2007-06-11
87200707160004,屏東縣私立叡聲文理短期補習班,屏東市華盛街1-33號,(08)7519654,"屏府教社字第0960119794 號",2007-06-11
87200706040001,屏東縣私立藍鯨兒童美語短期補習班,屏東市廣東路1514號,(08)7336868,"屏府教社字第0960114607 號",2007-06-04
87200705170001,屏東縣私立育程珠算才藝短期補習班,屏東縣佳冬鄉石光村石光街20號,0988532818,"屏府教社字第0960099570 號",2007-05-15
87200704230001,屏東縣私立屏大文理短期補習班,屏東市合作街94號1~2樓,(08)7537134,"屏府教社字第0960078264 號",2007-04-17
87200704230002,屏東縣私立育勝文理短期補習班,屏東縣佳冬鄉進學街103號,(08)8661472,"屏府教社字第0960075072 號",2007-04-13
87200703300003,屏東縣私立多納美語短期補習班,屏東縣潮州鎮愛國路85號,(08)7889206,屏府教社字第0960063066號,2007-03-27
87200703120001,私立佳英文教事業有限公司屏東分公司附設美語短期補習班,屏東縣東港鎮水源街119號,(08)8328060,"屏府教社字第0960047035 號",2007-03-07
87200702150004,屏東縣私立優等文理短期補習班,屏東市公德街56號1~2樓,(08)7668237,"屏府教社字第0960037089 號",2007-02-15
87200702090001,屏東縣私立黃老師文理短期補習班,屏東縣東港鎮興東里明德路46號1樓,08-8335788,"屏府教社字第0960032122 號",2007-02-09
87200702060001,屏東縣私立新生文理短期補習班,屏東縣林邊鄉美華路170之26號,(08)8757090,"屏府教社字第0960029485 號",2007-02-06
87200701150001,屏東縣私立漢聲文理短期補習班,屏東縣潮州鎮三星里愛國路100號,(08)7899747,屏府教社字第0960008968號,2007-01-09
87200612180001,屏東縣私立喬伊美語短期補習班,屏東縣林邊鄉美華路170之25號,(08)8751139,"屏府教社字第 0950248206號",2006-12-18
87200612190001,屏東縣私立言一美語文理短期補習班,屏東縣里港鄉土庫村南興路6之9號,(08)7734196,"屏府教社字第0950248351 號",2006-12-18
87200612260001,屏東縣私立立傑文理短期補習班,屏東縣竹田鄉自強路41-16號,(08)7710246,屏府教社字第0950246379號,2006-12-14
87200611280002,屏東縣私立筑韻音樂短期補習班,屏東縣枋寮鄉中興路26號,088780393,屏府教社字第0950229922號,2006-11-21
87200611130002,屏東縣私立莊老師美語文理短期補習班,屏東縣枋寮鄉隆山村金山路202號,(08)8787945,屏府教社字第0950221251號,2006-11-09
87200609040002,屏東縣私立普拉斯美語文理短期補習班,屏東縣潮州鎮永康街60號,(08)7801456,屏府教社字第0950169012號,2006-08-28
87200608180001,屏東縣私立以琳文理短期補習班,屏東縣嵌頂鄉文化路54號,(08)8633511,屏府教社字第0950154418號,2006-08-07
87200607290001,屏東縣私立學賢文理才藝短期補習班,屏東市中正路456巷8號,(08)7384352,"屏府教社字第 0950148564號",2006-07-28
87200607290003,屏東縣私立小維京美語短期補習班,屏東縣潮州鎮朝昇東路173號,(08)7896822,屏府教社字第0950147737號,2006-07-27
87200609040003,屏東縣私立佳怡英語短期補習班,屏東市厚生里建國路176-4號1-3樓,(08)7539683,屏府教社字第0950141833號,2006-07-19
87200607290010,屏東縣私立推理文理短期補習班,屏東市莊敬街一段213號,087378879(80),屏府教社字第0950125873號,2006-06-28
87200607290012,屏東縣私立佳韻美語短期補習班,屏東縣里港鄉仁愛路57巷41號,(08)7759526,屏府教社字第0950121996號,2006-06-22
87200607290008,屏東縣私立耕心文理美語短期補習班,屏東縣長治鄉崑崙路190巷1號,(08)7627100,屏府教社字第0950121206號,2006-06-21
87200607290013,屏東縣私立將田美語文理短期補習班,屏東縣萬丹鄉社皮路2段487號,(08)7072771,屏府教社字第0950109129號,2006-06-05
87200607290015,屏東縣私立老外美語短期補習班,屏東市公華街256號,(08)7532822,屏府教社字第0950103789號,2006-05-26
87200607290016,屏東縣私立里僑美語短期補習班,屏東縣里港鄉仁愛路79號,08-7720977,屏府教社字第0950098807號,2006-05-19
87200609220001,智基科技開發股份有限公司附設屏東縣私立志光法商文理短期補習班潮州分班,屏東縣潮州鎮延平路206-2號3樓,(08)7890099,屏府教社字第0950069615號,2006-04-11
87200304290001,屏東縣私立立功升學文理短期補習班,屏東市民族路217號(2、3F),(08)7333713,屏府教社字第0950067395號,2006-04-07
87200603290002,屏東縣私立宇聖文理短期補習班,屏東縣潮州鎮朝昇路361號,7887030,屏府教社字第0950052754號,2006-03-17
87200603290004,屏東縣私立哈波電腦美語短期補習班,屏東縣潮州鎮新生里公園路25號,(08)7808181,"屏府教社字第 0950050331號",2006-03-15
87200603220005,屏東縣私立永勝美語短期補習班,屏東縣佳冬鄉塭豐村塭田路236號,(08)8662046,"屏府教社字第0950017260 號",2006-01-20
87200603300017,屏東縣私立沐森學苑美語文理短期補習班,屏東市華盛街1-22號,(08)-7517168,"屏府教社字第 0940241925號",2005-12-19
87200603300005,屏東縣私立程震文理短期補習班,屏東市新興街3巷48號1樓,0925618566,"屏府教社字第 0940240077號",2005-12-15
87200603300013,屏東縣私立杏儒美語文理短期補習班,屏東縣鹽埔鄉維新路197-1號,(08)7939066,"屏府教社字第 0940223178號",2005-11-17
87200603300012,屏東縣私立必勝美語短期補習班,屏東市廣東路1542號,(08)7337878,"屏府教社字第 0940218071號",2005-11-10
87200603300010,私立華汎樂器有限公司屏東分公司附設音樂短期補習班,屏東市崇蘭里自由路747號,(08)7333750,"屏府教社字第0940183013 號",2005-09-22
87200603300007,屏東縣私立名冠美語短期補習班,屏東縣鹽埔鄉新圍村維新路111-2號,(08)7936066,"屏府教社字第 0940183079號",2005-09-22
87200603290009,屏東縣私立智明文理美語短期補習班,屏東市豐田里廣東路276-1號,(08)7371248,"屏府教社字第 0940151882號",2005-08-09
87200603300002,屏東縣私立瑞汀文理短期補習班,屏東市華盛街6巷63號,0931-951501,"屏府教社字第 0940139129號",2005-07-21
87200603220003,私立三易學習科技有限公司附設美語短期補習班,屏東縣里港鄉過江村過江路48-10號,"(08)7758369 / 0982-812670",屏府教社字第0940099371號,2005-05-24
87200503290001,屏東縣私立集賢文理短期補習班,屏東縣萬丹鄉福德街20號,(08)7777381,屏府教社字第0940056424號,2005-03-28
87200502230001,屏東縣私立盧老師珠心算文理美語短期補習班,屏東縣新園鄉鹽港路55號1-3樓,(08)8310719,屏府教社字第0940027656號,2005-02-14
87200502160003,屏東縣私立郡華文理短期補習班,屏東縣里港鄉過江村仁愛路53號1-2樓,(08)7755056,"屏府教社字第0940027658 號",2005-02-14
87200503120002,屏東縣私立文森文理短期補習班(原瑞比特文森),屏東縣內埔鄉東寧村勝利路258號1-3樓,(08)7782015,屏府教社字第0940024501號,2005-02-02
87200501250001,屏東縣私立康謀益文理短期補習班,屏東縣內埔鄉東寧村勝利路247號,(08)7690779,屏府教社字第0940006468號,2005-01-25
87200501180001,屏東縣私立梁老師文理短期補習班,屏東縣枋寮鄉隆安路157號,(08)8782988,"屏府教社字第0940006435 號",2005-01-05
87200501100005,屏東縣私立延旌舞蹈短期補習班,屏東市廣東路870巷1號1樓,(08)7341188,屏府教社字第0930240054號,2004-12-23
87200411160001,屏東縣私立信義文理短期補習班,屏東市華正路240號,(08)7380404,屏府教社字第0930230919號,2004-12-09
87200411250001,屏東縣私立瀚動英文美語短期補習班,屏東市豐田里民學路74號,08-7231212,"屏府教社字第 0930210937號",2004-11-23
87200411040001,屏東縣私立洋學堂文理短期補習班崇蘭分班,屏東市大同北路97.97-1號,08-7332658,"屏府教社字第 0930210172號",2004-11-08
87200410280001,屏東縣私立愛思博文理技藝短期補習班,屏東市大同北路91號1~3樓,(08)7331577,"府教社字第 0930196160號",2004-10-18
87200410260001,屏東縣私立欣城文理短期補習班,屏東縣潮州鎮光輪路203號,(08)7888799,屏府教社字第0930189268號,2004-10-07
87200410260002,屏東縣私立昭志文理短期補習班,屏東市豐年街209號3樓,(08)7379377,屏府教社字第0930186462號,2004-10-04
87200409060002,屏東縣私立全國珠心算短期補習班,屏東縣潮州鎮光華里育德街81號,(08)7893096,屏府教社字第0930161409號,2004-08-26
87200409020002,屏東縣私立多緣文理短期補習班,屏東縣嵌頂鄉崁頂村中興路18-11號,(08)8633973,屏府教社字第0930160206號,2004-08-25
87200409020001,屏東縣私立學橋文理短期補習班,屏東縣林邊鄉林邊村中林路282-19號,(08)8750357,"府教社字第 0930158803號",2004-08-23
87200410270002,屏東縣私立悅氏英語短期補習班,屏東縣內埔鄉東寧村勝利路398號,(08)7781415,屏府教社字第0930135525號,2004-07-19
87200407090001,屏東縣私立建行升學文理短期補習班,屏東縣里港鄉四維路10號1~3樓,(08)7759177,屏府教社字第0930117073號,2004-06-21
87200407090002,屏東縣私立學思林文理短期補習班,屏東市仁愛路132-1號2樓,(08)7362200,屏府教社字第0930117072號,2004-06-21
87200403300001,屏東縣私立建行文理短期補習班國高中部,屏東縣里港鄉大平村四維路60號,(08)7755244,屏府教社字第0930050870號,2004-03-16
87200403090002,奧林匹克文化事業股份有限公司附設屏東縣私立奧林匹克文理短期補習班,屏東市建豐路305號,(08)7383968,屏府教社字第0930040114號,2004-03-02
87200402240001,屏東縣私立全人教育文理短期補習班,屏東市自由路381-5號,(08)7386238,屏府教社字第0930025313號,2004-02-11
87200403090001,屏東縣私立安琪拉美語短期補習班,屏東縣長治鄉進德街14號,(08)7352790,屏府教社字第0930023545號,2004-02-09
87200501110001,屏東縣私立銜威電腦文理短期補習班,屏東縣林邊鄉仁愛路2巷24-2號,(08)8756248,屏府教社字第0920216699號,2003-12-11
87200501060002,屏東縣私立洛克美語短期補習班,屏東市復興南路一段362號,(08)7558855,屏府教社字第0920163392號,2003-09-23
87200503220001,屏東縣私立弘冠文理短期補習班,屏東縣東港鎮中正路一段123、125號,(08)8334023,屏府教社字第0920147802號,2003-08-28
87200501110002,屏東縣私立馨園文理短期補習班,屏東縣新園鄉仙吉村仙吉路19-8號1-2樓,(08)8686636,"屏府教社字第0920139749 號",2003-08-15
87200310020002,屏東縣私立美利肯美語短期補習班,屏東市建豐路212號,(08)7382803,"屏府教社字第0920119480 號",2003-07-15
87200307180001,屏東縣私立芝麻街美語文理短期補習班,屏東市自由路420-7號1.2.4樓,(08)7350353,屏府教社字第0920109674號,2003-06-30
87200307210002,屏東縣私立漢東文理美語短期補習班,屏東縣長治鄉繁華村南華街六號,(08)7625329,屏府教社字第0920087922號,2003-05-23
87200305260003,屏東縣私立加資文理短期補習班,屏東縣新園鄉鹽埔村聖心路168號,(08)8355321,屏府教社字第0920079595號,2003-05-21
87200305260001,志光教育科技股份有限公司附設屏東縣私立志光學儒法商升學文理公職證照短期補習班,屏東市光復路140號1~4樓,(08)7336001,屏府教社字第0920084125號,2003-05-20
87200305260002,屏東縣私立拉博爾美語短期補習班,屏東市中華路240號,(08)7385654,屏府教社字第0920083915號,2003-05-16
87200304290006,屏東縣私立東陽文理短期補習班,屏東縣內埔鄉內埔村東陽街5號,(08)7787302,"屏府教社字第0920035417 號",2003-03-17
87200304290005,屏東縣私立學數院文理短期補習班,屏東市中正路三○九-一號,(08)7351268,"屏府教社字第0920038128 號",2003-03-10
87200304290007,屏東縣私立大東美語短期補習班,屏東縣潮州鎮三共里北門路127號,(08)7891099,"屏府教社字第0920039065 號",2003-02-27
87200211190002,屏東縣私立哈佛美語文理短期補習班,屏東縣枋寮鄉隆安路150巷42號,(08)8788068,屏府教社字第0910185975號,2002-11-13
87200210210001,屏東縣私立弘林美語短期補習班,屏東縣林邊鄉美華路262號,(08)8758860,"屏府教社字第 0990145252號",2002-10-15
87200711220001,屏東縣私立洋學堂文理短期補習班,屏東縣潮州鎮三共里北門路137號,(08)7890218,屏府教社字第140948號,2002-08-29
87200208230001,屏東縣私立上群美語文理短期補習班,屏東市建豐路226號,(08)7353533,屏府教社字第0910136421號,2002-08-23
87200207040008,屏東縣私立優學文理短期補習班,屏東縣內埔鄉福德路12號,(08)7690398,屏府教社字第910102231號,2002-06-26
87200206250016,屏東縣私立邦森美語短期補習班,屏東市自由路389號,(08)7375959,屏府教社字第0910096290號,2002-06-14
87200206250015,屏東縣私立吉尼斯美語短期補習班,屏東市蘇州街90號,(08)7348541,屏府教社字第0910094220號,2002-06-11
87200206130004,屏東縣私立全能美語短期補習班,屏東市建豐路190號,(08)7352515,屏府教社字第0910058120號,2002-04-16
87200206260001,屏東縣私立建文文理短期補習班,屏東市豐源里23鄰水源街27號1~3樓,(08)7222789,屏府教社字第0910054789號,2002-04-10
87200206130003,屏東縣私立三朋美語文理短期補習班,屏東縣東港鎮新興三街60號1-3樓,(08)8333929,屏府教社字第0910028630號,2002-02-27
87200206110092,屏東縣私立千馨美語短期補習班,屏東縣里港鄉玉田村八鄰八德路176號,(08)7758087,屏府教社字第0910017254號,2002-01-30
87200206110085,屏東縣私立橋英文理短期補習班,屏東市大連里建豐路206號2-3樓,08-738-2347,屏府教社字第0920172739號,2001-10-07
87200206110083,屏東縣私立子羽美語短期補習班,屏東縣長治鄉進興村潭頭路37巷10號1-3樓,08-7372842,屏府教社字第97990號,2001-06-20
87200206110042,屏東縣私立兒愛祥文理短期補習班,屏東市武愛街71巷6號,(08)753-4757,屏府教社字第90829號,2001-06-01
87200206250013,屏東縣私立首席經典圖書有限公司附設大東海法商電腦短期補習班,屏東市重慶路一號1樓,(08)7322376,屏府教社字第17124號,2001-02-05
87200206110080,屏東縣私立佳英英語短期補習班,屏東縣潮州鎮民榮街5號,(08)7880175,屏府教社字第12693號,2001-01-20
87200206110039,屏東縣私立佳賀文理短期補習班(原文學文理),屏東市福建路3之5號3樓,08-7332461,屏府教社字第171334號,2000-10-24
87200206110084,屏東縣私立柏克萊美語短期補習班,屏東市崇蘭里古松巷221號,08-7336750,屏府教社字第158766號,2000-10-03
87200206110079,屏東縣私立傑利文理短期補習班(原易安美語),屏東市建豐路99號1~3樓,(08)7351321,屏府教社字第144595號,2000-09-01
87200206110070,屏東縣私立加佳美語短期補習班,屏東市永大路169號1-2樓,7560688,屏府教社字第205482號,1999-11-20
87200206110061,屏東縣私立美加美語短期補習班,屏東市信義路141之2號第4樓,08-7325538,屏府教社字第175330號,1998-10-07
87200206110021,屏東縣私立維新文理短期補習班,屏東縣九如鄉維新街152之10號,(08)7394850,屏府教社字第98771號,1998-06-01
87200206110057,屏東縣私立明珠美日語短期補習班,屏東市大連路15-11號1樓,(08)7360353,屏府教社字第15265號,1998-02-02
87202004070001,屏東縣私立樂樂美勞作文書法短期補習班,屏東縣潮州鎮天文街38號,08-7893833,屏府教社字第15263號,1998-01-23
87200206190003,屏東縣私立育群文理短期補習班,屏東縣萬丹鄉萬榮街131號1至2樓,(08)7778198,屏府教社字第177889號,1996-11-06
87200206110055,屏東縣私立啄木鳥美語文理短期補習班,屏東市博愛路282號1~2樓,08-7338691,屏府教社字第139888號,1996-09-03
87200206250011,屏東縣私立群倫電機短期補習班,屏東市信義路266號,(08)7370815,屏府教社字第147708號,1994-10-06
87200206250010,屏東縣私立一誠電機配管短期補習班,屏東市自立南路104號,(08)7551051,屏府教社字第116550號,1993-08-06
87200206110006,屏東縣私立立德文理短期補習班,屏東市華一街2號,0931-702993,屏府教社字第159565號,1992-11-18
87200206110036,屏東縣私立建一文理短期補習班,屏東市高豐街79號1樓,(08)7385522,屏府教社字第42932號,1990-03-17
87200206110048,屏東縣私立千葉英日語會話短期補習班,屏東市廣東路1085號3-4樓,(08)7330220,屏府教社字第115999號,1987-10-28
